{"loss": [1.322143793106079, 0.4224727749824524, 0.2528553009033203, 0.17180772125720978, 0.12808102369308472, 0.10409077256917953, 0.08235456049442291, 0.06770934164524078, 0.06426459550857544, 0.05313064530491829], "accuracy": [0.6083505153656006, 0.8660359978675842, 0.9176613092422485, 0.9439647197723389, 0.9584607481956482, 0.9661853909492493, 0.9730848670005798, 0.9776512980461121, 0.979244589805603, 0.9829432964324951], "val_loss": [0.4526785612106323, 0.30217602849006653, 0.18582455813884735, 0.17663565278053284, 0.1786176860332489, 0.12555252015590668, 0.1759856939315796, 0.14333346486091614, 0.13168740272521973, 0.10632669180631638], "val_accuracy": [0.858069658279419, 0.9000682830810547, 0.9412133097648621, 0.9442294836044312, 0.9444001913070679, 0.9609606266021729, 0.9478716254234314, 0.9568631649017334, 0.9601069688796997, 0.9682449102401733]}